<VNCLASS ID="convert-26.6.2" xmlns:xsi="http://www.w3.org/2001/XMLSchema-instance" xsi:noNamespaceSchemaLocation="vn_schema-3.xsd">
    <MEMBERS>
        <MEMBER grouping="" name="advert" wn="advert%2:32:01"/>
        <MEMBER grouping="" name="come_around" wn="come_around%2:31:00"/>
        <MEMBER grouping="fall.02" name="fall" wn="fall%2:30:08"/>
        <MEMBER grouping="get.02 get.03" name="get" wn="get%2:30:00"/>
        <MEMBER grouping="" name="get_around" wn="get_around%2:38:00"/>
        <MEMBER grouping="" name="get_down" wn="get_down%2:30:00"/>
        <MEMBER grouping="" name="go_back" wn="go_back%2:30:00"/>
        <MEMBER grouping="" name="resort" wn="resort%2:41:11"/>
        <MEMBER grouping="return.01" name="return" wn="return%2:38:00"/>
        <MEMBER grouping="revert.01" name="revert" wn="revert%2:30:00"/>
        <MEMBER grouping="" name="settle_down" wn="settle_down%2:30:00"/>
        <MEMBER grouping="take.06" name="take" wn="take%2:41:13"/>
        <MEMBER grouping="turn.01" name="turn" wn="turn%2:38:14"/>
    </MEMBERS>
    <THEMROLES>
        <THEMROLE type="Patient">
            <SELRESTRS/>
        </THEMROLE>
        <THEMROLE type="Result">
            <SELRESTRS/>
        </THEMROLE>
        <THEMROLE type="Initial_State">
            <SELRESTRS/>
        </THEMROLE>
    </THEMROLES>
    <FRAMES>
        <FRAME>
            <DESCRIPTION descriptionNumber="8.1" primary="NP V S_ING" secondary="P-ING-SC; to-PP" xtag="0.2"/>
            <EXAMPLES>
                <EXAMPLE>
                    He converted to believing in Buddha.
                </EXAMPLE>
            </EXAMPLES>
            <SYNTAX>
                <NP value="Patient">
                    <SYNRESTRS/>
                </NP>
                <VERB/>
                <PREP value="to">
                    <SELRESTRS/>
                </PREP>
                <NP value="Result">
                    <SYNRESTRS>
                        <SYNRESTR Value="+" type="sc_ing"/>
                    </SYNRESTRS>
                </NP>
            </SYNTAX>
            <SEMANTICS>
                <PRED value="path_rel">
                    <ARGS>
                        <ARG type="Event" value="start(E)"/>
                        <ARG type="ThemRole" value="?Initial_State"/>
                        <ARG type="ThemRole" value="Patient"/>
                        <ARG type="Constant" value="ch_of_state"/>
                        <ARG type="VerbSpecific" value="prep"/>
                    </ARGS>
                </PRED>
                <PRED value="path_rel">
                    <ARGS>
                        <ARG type="Event" value="result(E)"/>
                        <ARG type="ThemRole" value="Result"/>
                        <ARG type="ThemRole" value="Patient"/>
                        <ARG type="Constant" value="ch_of_state"/>
                        <ARG type="VerbSpecific" value="prep"/>
                    </ARGS>
                </PRED>
                <PRED value="convert">
                    <ARGS>
                        <ARG type="Event" value="during(E)"/>
                        <ARG type="ThemRole" value="Patient"/>
                        <ARG type="ThemRole" value="?Initial_State"/>
                        <ARG type="ThemRole" value="Result"/>
                    </ARGS>
                </PRED>
            </SEMANTICS>
        </FRAME>
        <FRAME>
            <DESCRIPTION descriptionNumber="0.1" primary="NP V PP.goal" secondary="PP; to-PP" xtag="0.2"/>
            <EXAMPLES>
                <EXAMPLE>
                    He converted to Buddhism.
                </EXAMPLE>
            </EXAMPLES>
            <SYNTAX>
                <NP value="Patient">
                    <SYNRESTRS/>
                </NP>
                <VERB/>
                <PREP value="to">
                    <SELRESTRS/>
                </PREP>
                <NP value="Result">
                    <SYNRESTRS/>
                </NP>
            </SYNTAX>
            <SEMANTICS>
                <PRED value="path_rel">
                    <ARGS>
                        <ARG type="Event" value="start(E)"/>
                        <ARG type="ThemRole" value="?Initial_State"/>
                        <ARG type="ThemRole" value="Patient"/>
                        <ARG type="Constant" value="ch_of_state"/>
                        <ARG type="VerbSpecific" value="prep"/>
                    </ARGS>
                </PRED>
                <PRED value="path_rel">
                    <ARGS>
                        <ARG type="Event" value="result(E)"/>
                        <ARG type="ThemRole" value="Result"/>
                        <ARG type="ThemRole" value="Patient"/>
                        <ARG type="Constant" value="ch_of_state"/>
                        <ARG type="VerbSpecific" value="prep"/>
                    </ARGS>
                </PRED>
                <PRED value="convert">
                    <ARGS>
                        <ARG type="Event" value="during(E)"/>
                        <ARG type="ThemRole" value="Patient"/>
                        <ARG type="ThemRole" value="?Initial_State"/>
                        <ARG type="ThemRole" value="Result"/>
                    </ARGS>
                </PRED>
            </SEMANTICS>
        </FRAME>
    </FRAMES>
    <SUBCLASSES>
        <VNSUBCLASS ID="convert-26.6.2-1">
            <MEMBERS>
                <MEMBER grouping="return.06" name="return" wn="return%2:38:00 return%2:30:00"/>
                <MEMBER grouping="revert.01" name="revert" wn="revert%2:30:00"/>
                <MEMBER grouping="shift.02" name="shift" wn="shift%2:30:04 shift%2:30:03 shift%2:30:02"/>
                <MEMBER grouping="turn.03" name="turn" wn="turn%2:38:00 turn%2:30:04"/>
            </MEMBERS>
            <THEMROLES/>
            <FRAMES>
                <FRAME>
                    <DESCRIPTION descriptionNumber="0.1" primary="NP V PP.source PP.goal" secondary="PP-PP; from-PP to-PP" xtag="0.2"/>
                    <EXAMPLES>
                        <EXAMPLE>
                            He converted from Christianity to Buddhism.
                        </EXAMPLE>
                    </EXAMPLES>
                    <SYNTAX>
                        <NP value="Patient">
                            <SYNRESTRS/>
                        </NP>
                        <VERB/>
                        <PREP value="from">
                            <SELRESTRS/>
                        </PREP>
                        <NP value="Initial_State">
                            <SYNRESTRS/>
                        </NP>
                        <PREP value="to">
                            <SELRESTRS/>
                        </PREP>
                        <NP value="Result">
                            <SYNRESTRS/>
                        </NP>
                    </SYNTAX>
                    <SEMANTICS>
                        <PRED value="path_rel">
                            <ARGS>
                                <ARG type="Event" value="start(E)"/>
                                <ARG type="ThemRole" value="Initial_State"/>
                                <ARG type="ThemRole" value="Patient"/>
                                <ARG type="Constant" value="ch_of_state"/>
                                <ARG type="VerbSpecific" value="prep"/>
                            </ARGS>
                        </PRED>
                        <PRED value="path_rel">
                            <ARGS>
                                <ARG type="Event" value="result(E)"/>
                                <ARG type="ThemRole" value="Result"/>
                                <ARG type="ThemRole" value="Patient"/>
                                <ARG type="Constant" value="ch_of_state"/>
                                <ARG type="VerbSpecific" value="prep"/>
                            </ARGS>
                        </PRED>
                        <PRED value="convert">
                            <ARGS>
                                <ARG type="Event" value="during(E)"/>
                                <ARG type="ThemRole" value="Patient"/>
                                <ARG type="ThemRole" value="Initial_State"/>
                                <ARG type="ThemRole" value="Result"/>
                            </ARGS>
                        </PRED>
                    </SEMANTICS>
                </FRAME>
            </FRAMES>
            <SUBCLASSES>
                <VNSUBCLASS ID="convert-26.6.2-1-1">
                    <MEMBERS>
                        <MEMBER grouping="" name="change_over" wn="change_over%2:30:02"/>
                        <MEMBER grouping="convert.02" name="convert" wn="convert%2:30:07"/>
                        <MEMBER grouping="" name="move_over" wn=""/>
                        <MEMBER grouping="switch.01" name="switch" wn="switch%2:30:02 switch%2:30:00"/>
                        <MEMBER grouping="" name="switch_over" wn="switch_over%2:30:00"/>
                    </MEMBERS>
                    <THEMROLES>
                        <THEMROLE type="Agent">
                            <SELRESTRS/>
                        </THEMROLE>
                    </THEMROLES>
                    <FRAMES>
                        <FRAME>
                            <DESCRIPTION descriptionNumber="0.1" primary="NP V" secondary="Basic Intransitive" xtag="0.2"/>
                            <EXAMPLES>
                                <EXAMPLE>
                                    He converted.
                                </EXAMPLE>
                            </EXAMPLES>
                            <SYNTAX>
                                <NP value="Patient">
                                    <SYNRESTRS/>
                                </NP>
                                <VERB/>
                            </SYNTAX>
                            <SEMANTICS>
                                <PRED value="path_rel">
                                    <ARGS>
                                        <ARG type="Event" value="start(E)"/>
                                        <ARG type="ThemRole" value="?Initial_State"/>
                                        <ARG type="ThemRole" value="Patient"/>
                                        <ARG type="Constant" value="ch_of_state"/>
                                        <ARG type="VerbSpecific" value="prep"/>
                                    </ARGS>
                                </PRED>
                                <PRED value="path_rel">
                                    <ARGS>
                                        <ARG type="Event" value="result(E)"/>
                                        <ARG type="ThemRole" value="?Result"/>
                                        <ARG type="ThemRole" value="Patient"/>
                                        <ARG type="Constant" value="ch_of_state"/>
                                        <ARG type="VerbSpecific" value="prep"/>
                                    </ARGS>
                                </PRED>
                                <PRED value="convert">
                                    <ARGS>
                                        <ARG type="Event" value="during(E)"/>
                                        <ARG type="ThemRole" value="Patient"/>
                                        <ARG type="ThemRole" value="?Initial_State"/>
                                        <ARG type="ThemRole" value="?Goal"/>
                                    </ARGS>
                                </PRED>
                            </SEMANTICS>
                        </FRAME>
                        <FRAME>
                            <DESCRIPTION descriptionNumber="0.2" primary="NP V NP" secondary="Basic Transitive" xtag="0.2"/>
                            <EXAMPLES>
                                <EXAMPLE>
                                    I converted him.
                                </EXAMPLE>
                            </EXAMPLES>
                            <SYNTAX>
                                <NP value="Agent">
                                    <SYNRESTRS/>
                                </NP>
                                <VERB/>
                                <NP value="Patient">
                                    <SYNRESTRS/>
                                </NP>
                            </SYNTAX>
                            <SEMANTICS>
                                <PRED value="convert">
                                    <ARGS>
                                        <ARG type="Event" value="during(E)"/>
                                        <ARG type="ThemRole" value="Patient"/>
                                        <ARG type="ThemRole" value="?Initial_State"/>
                                        <ARG type="ThemRole" value="?Result"/>
                                    </ARGS>
                                </PRED>
                                <PRED value="do">
                                    <ARGS>
                                        <ARG type="Event" value="e2"/>
                                        <ARG type="ThemRole" value="Agent"/>
                                    </ARGS>
                                </PRED>
                                <PRED value="cause">
                                    <ARGS>
                                        <ARG type="Event" value="e2"/>
                                        <ARG type="Event" value="e3"/>
                                    </ARGS>
                                </PRED>
                                <PRED value="has_state">
                                    <ARGS>
                                        <ARG type="Event" value="e1"/>
                                        <ARG type="ThemRole" value="?Initial_State"/>
                                        <ARG type="ThemRole" value="Patient"/>
                                        <ARG type="Constant" value="ch_of_state"/>
                                        <ARG type="VerbSpecific" value="prep"/>
                                    </ARGS>
                                </PRED>
                                <PRED value="has_state">
                                    <ARGS>
                                        <ARG type="Event" value="e3"/>
                                        <ARG type="ThemRole" value="?Result"/>
                                        <ARG type="ThemRole" value="Patient"/>
                                        <ARG type="Constant" value="ch_of_state"/>
                                        <ARG type="VerbSpecific" value="prep"/>
                                    </ARGS>
                                </PRED>
                            </SEMANTICS>
                        </FRAME>
                        <FRAME>
                            <DESCRIPTION descriptionNumber="8.1" primary="NP V NP S_ING" secondary="NP-P-ING-OC; to-PP" xtag="0.2"/>
                            <EXAMPLES>
                                <EXAMPLE>
                                    I converted him to believing in Buddha.
                                </EXAMPLE>
                            </EXAMPLES>
                            <SYNTAX>
                                <NP value="Agent">
                                    <SYNRESTRS/>
                                </NP>
                                <VERB/>
                                <NP value="Patient">
                                    <SYNRESTRS/>
                                </NP>
                                <PREP value="to">
                                    <SELRESTRS/>
                                </PREP>
                                <NP value="Result">
                                    <SYNRESTRS>
                                        <SYNRESTR Value="+" type="oc_ing"/>
                                    </SYNRESTRS>
                                </NP>
                            </SYNTAX>
                            <SEMANTICS>
                                <PRED value="convert">
                                    <ARGS>
                                        <ARG type="Event" value="during(E)"/>
                                        <ARG type="ThemRole" value="Patient"/>
                                        <ARG type="ThemRole" value="?Initial_State"/>
                                        <ARG type="ThemRole" value="Result"/>
                                    </ARGS>
                                </PRED>
                                <PRED value="do">
                                    <ARGS>
                                        <ARG type="Event" value="e2"/>
                                        <ARG type="ThemRole" value="Agent"/>
                                    </ARGS>
                                </PRED>
                                <PRED value="cause">
                                    <ARGS>
                                        <ARG type="Event" value="e2"/>
                                        <ARG type="Event" value="e3"/>
                                    </ARGS>
                                </PRED>
                                <PRED value="has_state">
                                    <ARGS>
                                        <ARG type="Event" value="e1"/>
                                        <ARG type="ThemRole" value="?Initial_State"/>
                                        <ARG type="ThemRole" value="Patient"/>
                                        <ARG type="Constant" value="ch_of_state"/>
                                        <ARG type="VerbSpecific" value="prep"/>
                                    </ARGS>
                                </PRED>
                                <PRED value="has_state">
                                    <ARGS>
                                        <ARG type="Event" value="e3"/>
                                        <ARG type="ThemRole" value="Result"/>
                                        <ARG type="ThemRole" value="Patient"/>
                                        <ARG type="Constant" value="ch_of_state"/>
                                        <ARG type="VerbSpecific" value="prep"/>
                                    </ARGS>
                                </PRED>
                            </SEMANTICS>
                        </FRAME>
                        <FRAME>
                            <DESCRIPTION descriptionNumber="8.1" primary="NP V NP PP.goal" secondary="NP-PP; to-PP" xtag="0.2"/>
                            <EXAMPLES>
                                <EXAMPLE>
                                    I converted him to Buddhism.
                                </EXAMPLE>
                            </EXAMPLES>
                            <SYNTAX>
                                <NP value="Agent">
                                    <SYNRESTRS/>
                                </NP>
                                <VERB/>
                                <NP value="Patient">
                                    <SYNRESTRS/>
                                </NP>
                                <PREP value="to">
                                    <SELRESTRS/>
                                </PREP>
                                <NP value="Result">
                                    <SYNRESTRS/>
                                </NP>
                            </SYNTAX>
                            <SEMANTICS>
                                <PRED value="convert">
                                    <ARGS>
                                        <ARG type="Event" value="during(E)"/>
                                        <ARG type="ThemRole" value="Patient"/>
                                        <ARG type="ThemRole" value="?Initial_State"/>
                                        <ARG type="ThemRole" value="Result"/>
                                    </ARGS>
                                </PRED>
                                <PRED value="do">
                                    <ARGS>
                                        <ARG type="Event" value="e2"/>
                                        <ARG type="ThemRole" value="Agent"/>
                                    </ARGS>
                                </PRED>
                                <PRED value="cause">
                                    <ARGS>
                                        <ARG type="Event" value="e2"/>
                                        <ARG type="Event" value="e3"/>
                                    </ARGS>
                                </PRED>
                                <PRED value="has_state">
                                    <ARGS>
                                        <ARG type="Event" value="e1"/>
                                        <ARG type="ThemRole" value="?Initial_State"/>
                                        <ARG type="ThemRole" value="Patient"/>
                                        <ARG type="Constant" value="ch_of_state"/>
                                        <ARG type="VerbSpecific" value="prep"/>
                                    </ARGS>
                                </PRED>
                                <PRED value="has_state">
                                    <ARGS>
                                        <ARG type="Event" value="e3"/>
                                        <ARG type="ThemRole" value="Result"/>
                                        <ARG type="ThemRole" value="Patient"/>
                                        <ARG type="Constant" value="ch_of_state"/>
                                        <ARG type="VerbSpecific" value="prep"/>
                                    </ARGS>
                                </PRED>
                            </SEMANTICS>
                        </FRAME>
                    </FRAMES>
                    <SUBCLASSES/>
                </VNSUBCLASS>
            </SUBCLASSES>
        </VNSUBCLASS>
    </SUBCLASSES>
</VNCLASS>