<VNCLASS ID="knead-26.5" xmlns:xsi="http://www.w3.org/2001/XMLSchema-instance" xsi:noNamespaceSchemaLocation="vn_schema-3.xsd">
    <MEMBERS>
        <MEMBER grouping="ball.01" name="ball" wn="ball%2:35:00"/>
        <MEMBER grouping="beat.06" name="beat" wn="beat%2:36:00"/>
        <MEMBER grouping="bend.02" name="bend" wn="bend%2:35:00"/>
        <MEMBER grouping="coil.02" name="coil" wn="?coil%2:35:00"/>
        <MEMBER grouping="collect.01" name="collect" wn="collect%2:35:00"/>
        <MEMBER grouping="compress.01" name="compress" wn="compress%2:35:01 compress%2:35:00"/>
        <MEMBER grouping="" name="contort" wn=""/>
        <MEMBER grouping="curve.02" name="curve" wn=""/>
        <MEMBER grouping="distort.01" name="distort" wn=""/>
        <MEMBER grouping="fold.03" name="fold" wn="fold%2:35:00 fold%2:30:10"/>
        <MEMBER grouping="flex.03" name="flex" wn="flex%2:35:02"/>
        <MEMBER grouping="flux.02" name="flux" wn="flux%2:30:01"/>
        <MEMBER grouping="" name="knead" wn="knead%2:35:00"/>
        <MEMBER grouping="melt.01" name="melt" wn="melt%2:30:01 melt%2:30:00"/>
        <MEMBER grouping="shake.01" name="shake" wn="shake%2:38:00"/>
        <MEMBER grouping="" name="squash" wn="squash%2:35:00"/>
        <MEMBER grouping="squeeze.01" name="squeeze" wn="squeeze%2:35:05"/>
        <MEMBER grouping="" name="squish" wn=""/>
        <MEMBER grouping="" name="twirl" wn="twirl%2:38:01"/>
        <MEMBER grouping="twist.02" name="twist" wn="twist%2:35:02 twist%2:35:01"/>
        <MEMBER grouping="" name="wad" wn="wad%2:35:01"/>
        <MEMBER grouping="whip.01 whip.03" name="whip" wn="whip%2:35:01"/>
        <MEMBER grouping="wind.02" name="wind" wn="wind%2:35:02"/>
        <MEMBER grouping="work.03" name="work" wn="work%2:36:12 work%2:35:00"/>
    </MEMBERS>
    <THEMROLES>
        <THEMROLE type="Agent">
            <SELRESTRS logic="or">
                <SELRESTR Value="+" type="animate"/>
                <SELRESTR Value="+" type="machine"/>
            </SELRESTRS>
        </THEMROLE>
        <THEMROLE type="Product">
            <SELRESTRS/>
        </THEMROLE>
        <THEMROLE type="Material">
            <SELRESTRS/>
        </THEMROLE>
    </THEMROLES>
    <FRAMES>
        <FRAME>
            <DESCRIPTION descriptionNumber="1.1.2.1" primary="NP.material V PP.product" secondary="PP; Inchoative variant, Product-PP" xtag=""/>
            <EXAMPLES>
                <EXAMPLE>
                    The dough twirled into a pretzel.
                </EXAMPLE>
            </EXAMPLES>
            <SYNTAX>
                <NP value="Material">
                    <SYNRESTRS/>
                </NP>
                <VERB/>
                <PREP value="into">
                    <SELRESTRS/>
                </PREP>
                <NP value="Product">
                    <SYNRESTRS/>
                </NP>
            </SYNTAX>
            <SEMANTICS>
                <PRED value="path_rel">
                    <ARGS>
                        <ARG type="Event" value="start(E)"/>
                        <ARG type="ThemRole" value="Initial_State"/>
                        <ARG type="ThemRole" value="Material"/>
                        <ARG type="Constant" value="ch_of_state"/>
                        <ARG type="VerbSpecific" value="prep"/>
                    </ARGS>
                </PRED>
                <PRED value="path_rel">
                    <ARGS>
                        <ARG type="Event" value="result(E)"/>
                        <ARG type="ThemRole" value="Product"/>
                        <ARG type="ThemRole" value="Material"/>
                        <ARG type="Constant" value="ch_of_state"/>
                        <ARG type="VerbSpecific" value="prep"/>
                    </ARGS>
                </PRED>
                <PRED bool="!" value="exist">
                    <ARGS>
                        <ARG type="Event" value="start(E)"/>
                        <ARG type="ThemRole" value="Product"/>
                    </ARGS>
                </PRED>
                <PRED value="exist">
                    <ARGS>
                        <ARG type="Event" value="result(E)"/>
                        <ARG type="ThemRole" value="Product"/>
                    </ARGS>
                </PRED>
                <PRED value="made_of">
                    <ARGS>
                        <ARG type="Event" value="result(E)"/>
                        <ARG type="ThemRole" value="Product"/>
                        <ARG type="ThemRole" value="Material"/>
                    </ARGS>
                </PRED>
            </SEMANTICS>
        </FRAME>
        <FRAME>
            <DESCRIPTION descriptionNumber="1.1.2.1" primary="NP V NP.material PP.product" secondary="NP-PP; Causative variant, Product-PP" xtag=""/>
            <EXAMPLES>
                <EXAMPLE>
                    I kneaded the dough into a loaf.
                </EXAMPLE>
            </EXAMPLES>
            <SYNTAX>
                <NP value="Agent">
                    <SYNRESTRS/>
                </NP>
                <VERB/>
                <NP value="Material">
                    <SYNRESTRS/>
                </NP>
                <PREP value="into">
                    <SELRESTRS/>
                </PREP>
                <NP value="Product">
                    <SYNRESTRS/>
                </NP>
            </SYNTAX>
            <SEMANTICS>
                <PRED value="path_rel">
                    <ARGS>
                        <ARG type="Event" value="start(E)"/>
                        <ARG type="ThemRole" value="Initial_State"/>
                        <ARG type="ThemRole" value="Material"/>
                        <ARG type="Constant" value="ch_of_state"/>
                        <ARG type="VerbSpecific" value="prep"/>
                    </ARGS>
                </PRED>
                <PRED value="path_rel">
                    <ARGS>
                        <ARG type="Event" value="result(E)"/>
                        <ARG type="ThemRole" value="Product"/>
                        <ARG type="ThemRole" value="Material"/>
                        <ARG type="Constant" value="ch_of_state"/>
                        <ARG type="VerbSpecific" value="prep"/>
                    </ARGS>
                </PRED>
                <PRED bool="!" value="exist">
                    <ARGS>
                        <ARG type="Event" value="start(E)"/>
                        <ARG type="ThemRole" value="Product"/>
                    </ARGS>
                </PRED>
                <PRED value="exist">
                    <ARGS>
                        <ARG type="Event" value="result(E)"/>
                        <ARG type="ThemRole" value="Product"/>
                    </ARGS>
                </PRED>
                <PRED value="made_of">
                    <ARGS>
                        <ARG type="Event" value="result(E)"/>
                        <ARG type="ThemRole" value="Product"/>
                        <ARG type="ThemRole" value="Material"/>
                    </ARGS>
                </PRED>
                <PRED bool="!" value="state">
                    <ARGS>
                        <ARG type="Event" value="start(E)"/>
                        <ARG type="VerbSpecific" value="Endstate"/>
                        <ARG type="ThemRole" value="Material"/>
                    </ARGS>
                </PRED>
            </SEMANTICS>
        </FRAME>
        <FRAME>
            <DESCRIPTION descriptionNumber="1.1.2.1" primary="NP V NP.material" secondary="Transitive; Causative variant, Material Object" xtag=""/>
            <EXAMPLES>
                <EXAMPLE>
                    I kneaded the dough.
                </EXAMPLE>
            </EXAMPLES>
            <SYNTAX>
                <NP value="Agent">
                    <SYNRESTRS/>
                </NP>
                <VERB/>
                <NP value="Material">
                    <SYNRESTRS/>
                </NP>
            </SYNTAX>
            <SEMANTICS>
                <PRED value="do">
                    <ARGS>
                        <ARG type="Event" value="e2"/>
                        <ARG type="ThemRole" value="Agent"/>
                    </ARGS>
                </PRED>
                <PRED value="cause">
                    <ARGS>
                        <ARG type="Event" value="e2"/>
                        <ARG type="Event" value="e3"/>
                    </ARGS>
                </PRED>
                <PRED value="has_state">
                    <ARGS>
                        <ARG type="Event" value="e1"/>
                        <ARG type="ThemRole" value="Initial_State"/>
                        <ARG type="ThemRole" value="Material"/>
                        <ARG type="Constant" value="ch_of_state"/>
                        <ARG type="VerbSpecific" value="prep"/>
                    </ARGS>
                </PRED>
                <PRED value="has_state">
                    <ARGS>
                        <ARG type="Event" value="e3"/>
                        <ARG type="ThemRole" value="?Product"/>
                        <ARG type="ThemRole" value="Material"/>
                        <ARG type="Constant" value="ch_of_state"/>
                        <ARG type="VerbSpecific" value="prep"/>
                    </ARGS>
                </PRED>
            </SEMANTICS>
        </FRAME>
    </FRAMES>
    <SUBCLASSES/>
</VNCLASS>