<VNCLASS ID="preparing-26.3" xmlns:xsi="http://www.w3.org/2001/XMLSchema-instance" xsi:noNamespaceSchemaLocation="vn_schema-3.xsd">
    <MEMBERS/>
    <THEMROLES>
        <THEMROLE type="Agent">
            <SELRESTRS logic="or">
                <SELRESTR Value="+" type="animate"/>
                <SELRESTR Value="+" type="machine"/>
            </SELRESTRS>
        </THEMROLE>
        <THEMROLE type="Beneficiary">
            <SELRESTRS>
                <SELRESTR Value="+" type="animate"/>
            </SELRESTRS>
        </THEMROLE>
    </THEMROLES>
    <FRAMES/>
    <SUBCLASSES>
        <VNSUBCLASS ID="preparing-26.3-1">
            <MEMBERS>
                <MEMBER grouping="bake.01" name="bake" wn="bake%2:30:00 bake%2:36:00"/>
                <MEMBER grouping="blend.01" name="blend" wn="blend%2:35:00"/>
                <MEMBER grouping="brew.01" name="brew" wn="brew%2:36:00"/>
                <MEMBER grouping="clear.01" name="clear" wn="clear%2:30:09"/>
                <MEMBER grouping="cook.01 cook.02" name="cook" wn="cook%2:36:00"/>
                <MEMBER grouping="" name="cook_up" wn="cook_up%2:36:01"/>
                <MEMBER grouping="fix.04" name="fix" wn="fix%2:36:00"/>
                <MEMBER grouping="invent.01 invent.02" name="invent" wn="invent%2:36:00 invent%2:36:01"/>
                <MEMBER grouping="" name="kindle" wn="kindle%2:43:00"/>
                <MEMBER grouping="light.02" name="light" wn="light%2:43:00"/>
                <MEMBER grouping="mix.01" name="mix" wn="mix%2:30:00"/>
                <MEMBER grouping="prepare.01" name="prepare" wn="prepare%2:36:01"/>
                <MEMBER grouping="" name="ready" wn="ready%2:36:00 ready%2:30:00"/>
                <MEMBER grouping="roll.02" name="roll" wn="roll%2:30:10"/>
                <MEMBER grouping="run.03" name="run" wn="run%2:36:00"/>
                <MEMBER grouping="toss.06" name="toss" wn="toss%2:35:00"/>
                <MEMBER grouping="cultivate.02" name="cultivate" wn="cultivate%2:36:01"/>
                <!--'cultivate' does not take benefactive alternation!!! must divide.-->
            </MEMBERS>
            <THEMROLES>
                <THEMROLE type="Product">
                    <SELRESTRS>
                        <SELRESTR Value="+" type="concrete"/>
                    </SELRESTRS>
                </THEMROLE>
            </THEMROLES>
            <FRAMES>
                <FRAME>
                    <DESCRIPTION descriptionNumber="0.2" primary="NP V NP" secondary="Basic Transitive" xtag="0.2"/>
                    <EXAMPLES>
                        <EXAMPLE>
                            Donna fixed a sandwich.
                        </EXAMPLE>
                    </EXAMPLES>
                    <SYNTAX>
                        <NP value="Agent">
                            <SYNRESTRS/>
                        </NP>
                        <VERB/>
                        <NP value="Product">
                            <SYNRESTRS/>
                        </NP>
                    </SYNTAX>
                    <SEMANTICS>
                        <PRED bool="!" value="exist">
                            <ARGS>
                                <ARG type="Event" value="start(E)"/>
                                <ARG type="ThemRole" value="Product"/>
                            </ARGS>
                        </PRED>
                        <PRED value="exist">
                            <ARGS>
                                <ARG type="Event" value="result(E)"/>
                                <ARG type="ThemRole" value="Product"/>
                            </ARGS>
                        </PRED>
                        <PRED value="do">
                            <ARGS>
                                <ARG type="Event" value="e2"/>
                                <ARG type="ThemRole" value="Agent"/>
                            </ARGS>
                        </PRED>
                        <PRED value="cause">
                            <ARGS>
                                <ARG type="Event" value="e2"/>
                                <ARG type="Event" value="e3"/>
                            </ARGS>
                        </PRED>
                        <PRED value="has_state">
                            <ARGS>
                                <ARG type="Event" value="e1"/>
                                <ARG type="ThemRole" value="?Initial_State"/>
                                <ARG type="ThemRole" value="?Material"/>
                                <ARG type="Constant" value="ch_of_state"/>
                                <ARG type="VerbSpecific" value="prep"/>
                            </ARGS>
                        </PRED>
                        <PRED value="has_state">
                            <ARGS>
                                <ARG type="Event" value="e3"/>
                                <ARG type="ThemRole" value="Product"/>
                                <ARG type="ThemRole" value="?Material"/>
                                <ARG type="Constant" value="ch_of_state"/>
                                <ARG type="VerbSpecific" value="prep"/>
                            </ARGS>
                        </PRED>
                    </SEMANTICS>
                </FRAME>
                <FRAME>
                    <DESCRIPTION descriptionNumber="2.2" primary="NP V NP.beneficiary NP" secondary="NP-NP; Beneficiary Object" xtag=""/>
                    <EXAMPLES>
                        <EXAMPLE>
                            Donna fixed me a sandwich.
                        </EXAMPLE>
                    </EXAMPLES>
                    <SYNTAX>
                        <NP value="Agent">
                            <SYNRESTRS/>
                        </NP>
                        <VERB/>
                        <NP value="Beneficiary">
                            <SYNRESTRS/>
                        </NP>
                        <NP value="Product">
                            <SYNRESTRS/>
                        </NP>
                    </SYNTAX>
                    <SEMANTICS>
                        <PRED bool="!" value="exist">
                            <ARGS>
                                <ARG type="Event" value="start(E)"/>
                                <ARG type="ThemRole" value="Product"/>
                            </ARGS>
                        </PRED>
                        <PRED value="exist">
                            <ARGS>
                                <ARG type="Event" value="result(E)"/>
                                <ARG type="ThemRole" value="Product"/>
                            </ARGS>
                        </PRED>
                        <PRED value="benefit">
                            <ARGS>
                                <ARG type="Event" value="E"/>
                                <ARG type="ThemRole" value="Beneficiary"/>
                            </ARGS>
                        </PRED>
                        <PRED value="do">
                            <ARGS>
                                <ARG type="Event" value="e2"/>
                                <ARG type="ThemRole" value="Agent"/>
                            </ARGS>
                        </PRED>
                        <PRED value="cause">
                            <ARGS>
                                <ARG type="Event" value="e2"/>
                                <ARG type="Event" value="e3"/>
                            </ARGS>
                        </PRED>
                        <PRED value="has_state">
                            <ARGS>
                                <ARG type="Event" value="e1"/>
                                <ARG type="ThemRole" value="?Initial_State"/>
                                <ARG type="ThemRole" value="?Material"/>
                                <ARG type="Constant" value="ch_of_state"/>
                                <ARG type="VerbSpecific" value="prep"/>
                            </ARGS>
                        </PRED>
                        <PRED value="has_state">
                            <ARGS>
                                <ARG type="Event" value="e3"/>
                                <ARG type="ThemRole" value="Product"/>
                                <ARG type="ThemRole" value="?Material"/>
                                <ARG type="Constant" value="ch_of_state"/>
                                <ARG type="VerbSpecific" value="prep"/>
                            </ARGS>
                        </PRED>
                    </SEMANTICS>
                </FRAME>
                <FRAME>
                    <DESCRIPTION descriptionNumber="2.2" primary="NP V NP PP.beneficiary" secondary="NP-PP; for-PP" xtag=""/>
                    <EXAMPLES>
                        <EXAMPLE>
                            Donna fixed a sandwich for me.
                        </EXAMPLE>
                    </EXAMPLES>
                    <SYNTAX>
                        <NP value="Agent">
                            <SYNRESTRS/>
                        </NP>
                        <VERB/>
                        <NP value="Product">
                            <SYNRESTRS/>
                        </NP>
                        <PREP value="for">
                            <SELRESTRS/>
                        </PREP>
                        <NP value="Beneficiary">
                            <SYNRESTRS/>
                        </NP>
                    </SYNTAX>
                    <SEMANTICS>
                        <PRED bool="!" value="exist">
                            <ARGS>
                                <ARG type="Event" value="start(E)"/>
                                <ARG type="ThemRole" value="Product"/>
                            </ARGS>
                        </PRED>
                        <PRED value="exist">
                            <ARGS>
                                <ARG type="Event" value="result(E)"/>
                                <ARG type="ThemRole" value="Product"/>
                            </ARGS>
                        </PRED>
                        <PRED value="benefit">
                            <ARGS>
                                <ARG type="Event" value="E"/>
                                <ARG type="ThemRole" value="Beneficiary"/>
                            </ARGS>
                        </PRED>
                        <PRED value="do">
                            <ARGS>
                                <ARG type="Event" value="e2"/>
                                <ARG type="ThemRole" value="Agent"/>
                            </ARGS>
                        </PRED>
                        <PRED value="cause">
                            <ARGS>
                                <ARG type="Event" value="e2"/>
                                <ARG type="Event" value="e3"/>
                            </ARGS>
                        </PRED>
                        <PRED value="has_state">
                            <ARGS>
                                <ARG type="Event" value="e1"/>
                                <ARG type="ThemRole" value="?Initial_State"/>
                                <ARG type="ThemRole" value="?Material"/>
                                <ARG type="Constant" value="ch_of_state"/>
                                <ARG type="VerbSpecific" value="prep"/>
                            </ARGS>
                        </PRED>
                        <PRED value="has_state">
                            <ARGS>
                                <ARG type="Event" value="e3"/>
                                <ARG type="ThemRole" value="Product"/>
                                <ARG type="ThemRole" value="?Material"/>
                                <ARG type="Constant" value="ch_of_state"/>
                                <ARG type="VerbSpecific" value="prep"/>
                            </ARGS>
                        </PRED>
                    </SEMANTICS>
                </FRAME>
            </FRAMES>
            <SUBCLASSES/>
        </VNSUBCLASS>
        <VNSUBCLASS ID="preparing-26.3-2">
            <MEMBERS>
                <!--Members specify the Endstate of the Patient-->
                <MEMBER grouping="" name="barbeque" wn="barbeque%2:30:00"/>
                <MEMBER grouping="" name="barbecue" wn="barbecue%2:30:00"/>
                <MEMBER grouping="boil.02" name="boil" wn="boil%2:30:00"/>
                <MEMBER grouping="broil.01" name="broil" wn="broil%2:30:00"/>
                <MEMBER grouping="clean.04" name="clean" wn="clean%2:30:01"/>
                <MEMBER grouping="fry.02" name="fry" wn="fry%2:30:00"/>
                <MEMBER grouping="grill.01" name="grill" wn="grill%2:30:00"/>
                <MEMBER grouping="" name="hardboil" wn=""/>
                <MEMBER grouping="" name="iron" wn="iron%2:35:00"/>
                <MEMBER grouping="" name="microwave" wn="microwave%2:30:00"/>
                <MEMBER grouping="" name="overbake" wn=""/>
                <MEMBER grouping="" name="poach" wn="poach%2:30:00"/>
                <MEMBER grouping="pour.01 pour.02" name="pour" wn="pour%2:38:03"/>
                <MEMBER grouping="roast.01" name="roast" wn="roast%2:30:00"/>
                <MEMBER grouping="scramble.02" name="scramble" wn="scramble%2:35:02"/>
                <MEMBER grouping="set.04" name="set" wn="set%2:30:12"/>
                <MEMBER grouping="" name="softboil" wn=""/>
                <MEMBER grouping="" name="toast" wn="toast%2:30:00"/>
                <MEMBER grouping="wash.01" name="wash" wn="wash%2:35:02 wash%2:35:00"/>
                <MEMBER grouping="" name="weld" wn=""/>
            </MEMBERS>
            <THEMROLES>
                <THEMROLE type="Patient">
                    <SELRESTRS>
                        <SELRESTR Value="+" type="concrete"/>
                    </SELRESTRS>
                </THEMROLE>
            </THEMROLES>
            <FRAMES>
                <FRAME>
                    <DESCRIPTION descriptionNumber="0.2" primary="NP V NP" secondary="Basic Transitive" xtag="0.2"/>
                    <EXAMPLES>
                        <EXAMPLE>
                            Donna grilled steaks.
                        </EXAMPLE>
                    </EXAMPLES>
                    <SYNTAX>
                        <NP value="Agent">
                            <SYNRESTRS/>
                        </NP>
                        <VERB/>
                        <NP value="Patient">
                            <SYNRESTRS/>
                        </NP>
                    </SYNTAX>
                    <SEMANTICS>
                        <PRED value="do">
                            <ARGS>
                                <ARG type="Event" value="e2"/>
                                <ARG type="ThemRole" value="Agent"/>
                            </ARGS>
                        </PRED>
                        <PRED value="cause">
                            <ARGS>
                                <ARG type="Event" value="e2"/>
                                <ARG type="Event" value="e3"/>
                            </ARGS>
                        </PRED>
                        <PRED value="has_state">
                            <ARGS>
                                <ARG type="Event" value="e1"/>
                                <ARG type="ThemRole" value="?Initial_State"/>
                                <ARG type="ThemRole" value="Patient"/>
                                <ARG type="Constant" value="ch_of_state"/>
                                <ARG type="VerbSpecific" value="prep"/>
                            </ARGS>
                        </PRED>
                        <PRED value="has_state">
                            <ARGS>
                                <ARG type="Event" value="e3"/>
                                <ARG type="ThemRole" value="?Product"/>
                                <ARG type="ThemRole" value="Patient"/>
                                <ARG type="Constant" value="ch_of_state"/>
                                <ARG type="VerbSpecific" value="prep"/>
                            </ARGS>
                        </PRED>
                    </SEMANTICS>
                </FRAME>
                <FRAME>
                    <DESCRIPTION descriptionNumber="2.2" primary="NP V NP.beneficiary NP" secondary="NP-NP; Beneficiary Object" xtag=""/>
                    <EXAMPLES>
                        <EXAMPLE>
                            Donna grilled me steaks.
                        </EXAMPLE>
                    </EXAMPLES>
                    <SYNTAX>
                        <NP value="Agent">
                            <SYNRESTRS/>
                        </NP>
                        <VERB/>
                        <NP value="Beneficiary">
                            <SYNRESTRS/>
                        </NP>
                        <NP value="Patient">
                            <SYNRESTRS/>
                        </NP>
                    </SYNTAX>
                    <SEMANTICS>
                        <PRED value="benefit">
                            <ARGS>
                                <ARG type="Event" value="E"/>
                                <ARG type="ThemRole" value="Beneficiary"/>
                            </ARGS>
                        </PRED>
                        <PRED value="do">
                            <ARGS>
                                <ARG type="Event" value="e2"/>
                                <ARG type="ThemRole" value="Agent"/>
                            </ARGS>
                        </PRED>
                        <PRED value="cause">
                            <ARGS>
                                <ARG type="Event" value="e2"/>
                                <ARG type="Event" value="e3"/>
                            </ARGS>
                        </PRED>
                        <PRED value="has_state">
                            <ARGS>
                                <ARG type="Event" value="e1"/>
                                <ARG type="ThemRole" value="?Initial_State"/>
                                <ARG type="ThemRole" value="Patient"/>
                                <ARG type="Constant" value="ch_of_state"/>
                                <ARG type="VerbSpecific" value="prep"/>
                            </ARGS>
                        </PRED>
                        <PRED value="has_state">
                            <ARGS>
                                <ARG type="Event" value="e3"/>
                                <ARG type="ThemRole" value="?Product"/>
                                <ARG type="ThemRole" value="Patient"/>
                                <ARG type="Constant" value="ch_of_state"/>
                                <ARG type="VerbSpecific" value="prep"/>
                            </ARGS>
                        </PRED>
                    </SEMANTICS>
                </FRAME>
                <FRAME>
                    <DESCRIPTION descriptionNumber="2.2" primary="NP V NP PP.beneficiary" secondary="NP-PP; for-PP" xtag=""/>
                    <EXAMPLES>
                        <EXAMPLE>
                            Donna grilled steaks for me.
                        </EXAMPLE>
                    </EXAMPLES>
                    <SYNTAX>
                        <NP value="Agent">
                            <SYNRESTRS/>
                        </NP>
                        <VERB/>
                        <NP value="Patient">
                            <SYNRESTRS/>
                        </NP>
                        <PREP value="for">
                            <SELRESTRS/>
                        </PREP>
                        <NP value="Beneficiary">
                            <SYNRESTRS/>
                        </NP>
                    </SYNTAX>
                    <SEMANTICS>
                        <PRED value="benefit">
                            <ARGS>
                                <ARG type="Event" value="E"/>
                                <ARG type="ThemRole" value="Beneficiary"/>
                            </ARGS>
                        </PRED>
                        <PRED value="do">
                            <ARGS>
                                <ARG type="Event" value="e2"/>
                                <ARG type="ThemRole" value="Agent"/>
                            </ARGS>
                        </PRED>
                        <PRED value="cause">
                            <ARGS>
                                <ARG type="Event" value="e2"/>
                                <ARG type="Event" value="e3"/>
                            </ARGS>
                        </PRED>
                        <PRED value="has_state">
                            <ARGS>
                                <ARG type="Event" value="e1"/>
                                <ARG type="ThemRole" value="?Initial_State"/>
                                <ARG type="ThemRole" value="Patient"/>
                                <ARG type="Constant" value="ch_of_state"/>
                                <ARG type="VerbSpecific" value="prep"/>
                            </ARGS>
                        </PRED>
                        <PRED value="has_state">
                            <ARGS>
                                <ARG type="Event" value="e3"/>
                                <ARG type="ThemRole" value="?Product"/>
                                <ARG type="ThemRole" value="Patient"/>
                                <ARG type="Constant" value="ch_of_state"/>
                                <ARG type="VerbSpecific" value="prep"/>
                            </ARGS>
                        </PRED>
                    </SEMANTICS>
                </FRAME>
            </FRAMES>
            <SUBCLASSES/>
        </VNSUBCLASS>
    </SUBCLASSES>
</VNCLASS>