<VNCLASS ID="scribble-25.2" xmlns:xsi="http://www.w3.org/2001/XMLSchema-instance" xsi:noNamespaceSchemaLocation="vn_schema-3.xsd">
    <MEMBERS>
        <MEMBER grouping="copy.01" name="copy" wn="copy%2:36:05 copy%2:36:01"/>
        <MEMBER grouping="forge.02" name="forge" wn="forge%2:36:01"/>
        <MEMBER grouping="" name="jot" wn="jot%2:32:00"/>
        <MEMBER grouping="" name="jot_down" wn="jot_down%2:32:00"/>
        <MEMBER grouping="" name="misspell" wn=""/>
        <MEMBER grouping="spell.01" name="spell" wn=""/>
        <MEMBER grouping="take.12" name="take" wn=""/>
        <MEMBER grouping="take.12" name="take_down" wn=""/>
        <MEMBER grouping="trace.02" name="trace" wn="trace%2:35:00 trace%2:36:00"/>
        <MEMBER grouping="" name="underscore" wn="underscore%2:32:03"/>
        <MEMBER grouping="underline.02" name="underline" wn="underline%2:32:03"/>
    </MEMBERS>
    <THEMROLES>
        <!--In most predicates, such as location, Theme really means image_of(Theme)-->
        <THEMROLE type="Agent">
            <SELRESTRS logic="or">
                <SELRESTR Value="+" type="animate"/>
                <SELRESTR Value="+" type="machine"/>
            </SELRESTRS>
        </THEMROLE>
        <THEMROLE type="Theme">
            <SELRESTRS/>
        </THEMROLE>
        <THEMROLE type="Destination">
            <SELRESTRS>
                <SELRESTR Value="+" type="concrete"/>
            </SELRESTRS>
        </THEMROLE>
    </THEMROLES>
    <FRAMES>
        <FRAME>
            <DESCRIPTION descriptionNumber="0.2" primary="NP V NP" secondary="Basic Transitive" xtag="0.2"/>
            <EXAMPLES>
                <EXAMPLE>
                    Roberto took notes.
                </EXAMPLE>
            </EXAMPLES>
            <SYNTAX>
                <NP value="Agent">
                    <SYNRESTRS/>
                </NP>
                <VERB/>
                <NP value="Theme">
                    <SYNRESTRS/>
                </NP>
            </SYNTAX>
            <SEMANTICS>
                <PRED value="created_image">
                    <ARGS>
                        <ARG type="Event" value="result(E)"/>
                        <ARG type="ThemRole" value="Theme"/>
                    </ARGS>
                </PRED>
                <PRED value="location">
                    <ARGS>
                        <ARG type="Event" value="end(E)"/>
                        <ARG type="ThemRole" value="Theme"/>
                        <ARG type="ThemRole" value="?Destination"/>
                    </ARGS>
                </PRED>
                <PRED value="do">
                    <ARGS>
                        <ARG type="Event" value="e2"/>
                        <ARG type="ThemRole" value="Agent"/>
                    </ARGS>
                </PRED>
                <PRED value="cause">
                    <ARGS>
                        <ARG type="Event" value="e2"/>
                        <ARG type="Event" value="e3"/>
                    </ARGS>
                </PRED>
                <PRED value="has_state">
                    <ARGS>
                        <ARG type="Event" value="e1"/>
                        <ARG type="ThemRole" value="?Initial_State"/>
                        <ARG type="ThemRole" value="Theme"/>
                        <ARG type="Constant" value="ch_of_state"/>
                        <ARG type="VerbSpecific" value="prep"/>
                    </ARGS>
                </PRED>
                <PRED value="has_state">
                    <ARGS>
                        <ARG type="Event" value="e3"/>
                        <ARG type="ThemRole" value="?Result"/>
                        <ARG type="ThemRole" value="Theme"/>
                        <ARG type="Constant" value="ch_of_state"/>
                        <ARG type="VerbSpecific" value="prep"/>
                    </ARGS>
                </PRED>
            </SEMANTICS>
        </FRAME>
        <FRAME>
            <DESCRIPTION descriptionNumber="0.2" primary="NP V NP PP.destination" secondary="NP-PP; locative-PP" xtag=""/>
            <EXAMPLES>
                <EXAMPLE>
                    Saul jotted down readings on a notepad.
                </EXAMPLE>
            </EXAMPLES>
            <SYNTAX>
                <NP value="Agent">
                    <SYNRESTRS/>
                </NP>
                <VERB/>
                <NP value="Theme">
                    <SYNRESTRS/>
                </NP>
                <PREP value="on | in">
                    <SELRESTRS/>
                </PREP>
                <NP value="Destination">
                    <SYNRESTRS/>
                </NP>
            </SYNTAX>
            <SEMANTICS>
                <PRED value="created_image">
                    <ARGS>
                        <ARG type="Event" value="result(E)"/>
                        <ARG type="ThemRole" value="Theme"/>
                    </ARGS>
                </PRED>
                <PRED value="location">
                    <ARGS>
                        <ARG type="Event" value="end(E)"/>
                        <ARG type="ThemRole" value="Theme"/>
                        <ARG type="ThemRole" value="Destination"/>
                    </ARGS>
                </PRED>
                <PRED value="do">
                    <ARGS>
                        <ARG type="Event" value="e2"/>
                        <ARG type="ThemRole" value="Agent"/>
                    </ARGS>
                </PRED>
                <PRED value="cause">
                    <ARGS>
                        <ARG type="Event" value="e2"/>
                        <ARG type="Event" value="e3"/>
                    </ARGS>
                </PRED>
                <PRED value="has_state">
                    <ARGS>
                        <ARG type="Event" value="e1"/>
                        <ARG type="ThemRole" value="?Initial_State"/>
                        <ARG type="ThemRole" value="Theme"/>
                        <ARG type="Constant" value="ch_of_state"/>
                        <ARG type="VerbSpecific" value="prep"/>
                    </ARGS>
                </PRED>
                <PRED value="has_state">
                    <ARGS>
                        <ARG type="Event" value="e3"/>
                        <ARG type="ThemRole" value="?Result"/>
                        <ARG type="ThemRole" value="Theme"/>
                        <ARG type="Constant" value="ch_of_state"/>
                        <ARG type="VerbSpecific" value="prep"/>
                    </ARGS>
                </PRED>
            </SEMANTICS>
        </FRAME>
    </FRAMES>
    <SUBCLASSES>
        <VNSUBCLASS ID="scribble-25.2-1">
            <MEMBERS>
                <MEMBER grouping="carve.01" name="carve" wn="carve%2:35:02"/>
                <MEMBER grouping="" name="chalk" wn="chalk%2:36:00"/>
                <MEMBER grouping="" name="charcoal" wn="charcoal%2:36:00"/>
                <MEMBER grouping="" name="crayon" wn="crayon%2:36:00"/>
                <MEMBER grouping="" name="doodle" wn="doodle%2:36:00"/>
                <MEMBER grouping="draw.06 draw.07" name="draw" wn="draw%2:31:00 draw%2:36:00 draw%2:36:02"/>
                <MEMBER grouping="ink.01" name="ink" wn="ink%2:32:00"/>
                <MEMBER grouping="" name="pencil" wn="pencil%2:36:00"/>
                <MEMBER grouping="plot.02" name="plot" wn="plot%2:36:00"/>
                <MEMBER grouping="print.01 print.02 print.03" name="print" wn="print%2:36:03 print%2:36:00"/>
                <MEMBER grouping="record.01" name="record" wn="record%2:32:00"/>
                <MEMBER grouping="scratch.03" name="scratch" wn=""/>
                <MEMBER grouping="" name="scrawl" wn="scrawl%2:36:00"/>
                <MEMBER grouping="" name="scribble" wn="scribble%2:32:00 scribble%2:36:00"/>
                <MEMBER grouping="" name="sketch" wn="sketch%2:36:00"/>
                <MEMBER grouping="" name="spraypaint" wn=""/>
                <MEMBER grouping="" name="stencil" wn="stencil%2:36:00"/>
                <MEMBER grouping="type.01" name="type" wn="type%2:32:00"/>
                <MEMBER grouping="write.02" name="write" wn="write%2:36:01"/>
                <MEMBER grouping="" name="print_out" wn=""/>
                <MEMBER grouping="" name="print_up" wn=""/>
            </MEMBERS>
            <THEMROLES/>
            <FRAMES>
                <FRAME>
                    <DESCRIPTION descriptionNumber="1.2.1" primary="NP V" secondary="Unspecified Object" xtag=""/>
                    <EXAMPLES>
                        <EXAMPLE>
                            Smith was scribbling.
                        </EXAMPLE>
                    </EXAMPLES>
                    <SYNTAX>
                        <NP value="Agent">
                            <SYNRESTRS/>
                        </NP>
                        <VERB/>
                    </SYNTAX>
                    <SEMANTICS>
                        <PRED value="created_image">
                            <ARGS>
                                <ARG type="Event" value="result(E)"/>
                                <ARG type="ThemRole" value="?Theme"/>
                            </ARGS>
                        </PRED>
                        <PRED value="location">
                            <ARGS>
                                <ARG type="Event" value="end(E)"/>
                                <ARG type="ThemRole" value="?Theme"/>
                                <ARG type="ThemRole" value="?Destination"/>
                            </ARGS>
                        </PRED>
                        <PRED value="do">
                            <ARGS>
                                <ARG type="Event" value="e2"/>
                                <ARG type="ThemRole" value="Agent"/>
                            </ARGS>
                        </PRED>
                        <PRED value="cause">
                            <ARGS>
                                <ARG type="Event" value="e2"/>
                                <ARG type="Event" value="e3"/>
                            </ARGS>
                        </PRED>
                        <PRED value="has_state">
                            <ARGS>
                                <ARG type="Event" value="e1"/>
                                <ARG type="ThemRole" value="?Initial_State"/>
                                <ARG type="ThemRole" value="?Theme"/>
                                <ARG type="Constant" value="ch_of_state"/>
                                <ARG type="VerbSpecific" value="prep"/>
                            </ARGS>
                        </PRED>
                        <PRED value="has_state">
                            <ARGS>
                                <ARG type="Event" value="e3"/>
                                <ARG type="ThemRole" value="?Result"/>
                                <ARG type="ThemRole" value="?Theme"/>
                                <ARG type="Constant" value="ch_of_state"/>
                                <ARG type="VerbSpecific" value="prep"/>
                            </ARGS>
                        </PRED>
                    </SEMANTICS>
                </FRAME>
            </FRAMES>
            <SUBCLASSES/>
        </VNSUBCLASS>
    </SUBCLASSES>
</VNCLASS>