<VNCLASS ID="subjugate-42.3" xmlns:xsi="http://www.w3.org/2001/XMLSchema-instance" xsi:noNamespaceSchemaLocation="vn_schema-3.xsd">
    <MEMBERS>
        <MEMBER grouping="" name="disenfranchise" wn="disenfranchise%2:41:00"/>
        <MEMBER grouping="" name="enslave" wn="enslave%2:41:00"/>
        <MEMBER grouping="" name="mob" wn="mob%2:38:00"/>
        <MEMBER grouping="" name="nourish" wn="nourish%2:34:00"/>
        <MEMBER grouping="" name="suppress" wn=""/>
        <MEMBER grouping="" name="stamp_down" wn=""/>
        <MEMBER grouping="" name="subdue" wn=""/>
        <MEMBER grouping="conquer.01" name="conquer" wn=""/>
        <MEMBER grouping="" name="curb" wn=""/>
        <MEMBER grouping="crush.02 crush.03" name="crush" wn=""/>
        <MEMBER grouping="" name="stifle" wn=""/>
        <MEMBER grouping="" name="dampen" wn=""/>
        <MEMBER grouping="" name="suffocate" wn=""/>
        <MEMBER grouping="" name="choke" wn=""/>
        <MEMBER grouping="hush.01" name="hush" wn=""/>
        <MEMBER grouping="silence.01" name="silence" wn=""/>
        <MEMBER grouping="still.01 still.02" name="still" wn=""/>
        <MEMBER grouping="" name="shut_up" wn=""/>
        <MEMBER grouping="" name="hush_up" wn=""/>
        <MEMBER grouping="" name="lull" wn=""/>
        <MEMBER grouping="" name="calm_down" wn=""/>
        <MEMBER grouping="gag.01 gag.02" name="gag" wn=""/>
        <MEMBER grouping="" name="muzzle" wn=""/>
        <MEMBER grouping="" name="squelch" wn=""/>
        <MEMBER grouping="" name="quell" wn=""/>
        <MEMBER grouping="" name="quench" wn=""/>
        <MEMBER grouping="" name="smother" wn=""/>
        <MEMBER grouping="" name="muffle" wn=""/>
        <MEMBER grouping="" name="repress" wn=""/>
        <MEMBER grouping="" name="quash" wn=""/>
        <MEMBER grouping="" name="keep_down" wn=""/>
        <MEMBER grouping="" name="subjugate" wn=""/>
        <MEMBER grouping="" name="reduce" wn=""/>
        <MEMBER grouping="slake.01" name="slake" wn="slake%2:34:00 slake%2:30:00"/>
        <MEMBER grouping="" name="strangle" wn=""/>
        <MEMBER grouping="" name="kill" wn=""/>
        <MEMBER grouping="walk.08" name="walk_over" wn="walk_over%2:33:00"/>
    </MEMBERS>
    <THEMROLES>
        <THEMROLE type="Agent">
            <SELRESTRS logic="or">
                <SELRESTR Value="+" type="animate"/>
                <SELRESTR Value="+" type="organization"/>
            </SELRESTRS>
        </THEMROLE>
        <THEMROLE type="Patient">
            <SELRESTRS logic="or">
                <SELRESTR Value="+" type="animate"/>
                <SELRESTR Value="+" type="organization"/>
            </SELRESTRS>
        </THEMROLE>
        <THEMROLE type="Instrument">
            <SELRESTRS/>
        </THEMROLE>
    </THEMROLES>
    <FRAMES>
        <FRAME>
            <DESCRIPTION descriptionNumber="0.2" primary="NP V NP" secondary="NP" xtag="0.2"/>
            <EXAMPLES>
                <EXAMPLE>
                    Winnie the Pooh subjugated the unfortunate Pixies.
                </EXAMPLE>
            </EXAMPLES>
            <SYNTAX>
                <NP value="Agent">
                    <SYNRESTRS/>
                </NP>
                <VERB/>
                <NP value="Patient">
                    <SYNRESTRS/>
                </NP>
            </SYNTAX>
            <SEMANTICS>
                <PRED bool="!" value="subjugated">
                    <ARGS>
                        <ARG type="Event" value="start(E)"/>
                        <ARG type="ThemRole" value="Patient"/>
                    </ARGS>
                </PRED>
                <PRED value="subjugated">
                    <ARGS>
                        <ARG type="Event" value="result(E)"/>
                        <ARG type="ThemRole" value="Patient"/>
                    </ARGS>
                </PRED>
                <PRED value="do">
                    <ARGS>
                        <ARG type="Event" value="e2"/>
                        <ARG type="ThemRole" value="Agent"/>
                    </ARGS>
                </PRED>
                <PRED value="cause">
                    <ARGS>
                        <ARG type="Event" value="e2"/>
                        <ARG type="Event" value="e3"/>
                    </ARGS>
                </PRED>
                <PRED value="has_state">
                    <ARGS>
                        <ARG type="Event" value="e1"/>
                        <ARG type="ThemRole" value="?Initial_State"/>
                        <ARG type="ThemRole" value="Patient"/>
                        <ARG type="Constant" value="ch_of_state"/>
                        <ARG type="VerbSpecific" value="prep"/>
                    </ARGS>
                </PRED>
                <PRED value="has_state">
                    <ARGS>
                        <ARG type="Event" value="e3"/>
                        <ARG type="ThemRole" value="?Result"/>
                        <ARG type="ThemRole" value="Patient"/>
                        <ARG type="Constant" value="ch_of_state"/>
                        <ARG type="VerbSpecific" value="prep"/>
                    </ARGS>
                </PRED>
            </SEMANTICS>
        </FRAME>
        <FRAME>
            <DESCRIPTION descriptionNumber="8.1" primary="NP V NP PP.instrument" secondary="NP-PP; with-PP" xtag="0.2"/>
            <EXAMPLES>
                <EXAMPLE>
                    Russia subjugated Mongolia with overwhelming force.
                </EXAMPLE>
            </EXAMPLES>
            <SYNTAX>
                <NP value="Agent">
                    <SYNRESTRS/>
                </NP>
                <VERB/>
                <NP value="Patient">
                    <SYNRESTRS/>
                </NP>
                <PREP value="with">
                    <SELRESTRS/>
                </PREP>
                <NP value="Instrument">
                    <SYNRESTRS/>
                </NP>
            </SYNTAX>
            <SEMANTICS>
                <PRED bool="!" value="subjugated">
                    <ARGS>
                        <ARG type="Event" value="start(E)"/>
                        <ARG type="ThemRole" value="Patient"/>
                    </ARGS>
                </PRED>
                <PRED value="subjugated">
                    <ARGS>
                        <ARG type="Event" value="result(E)"/>
                        <ARG type="ThemRole" value="Patient"/>
                    </ARGS>
                </PRED>
                <PRED value="utilize">
                    <ARGS>
                        <ARG type="Event" value="during(E)"/>
                        <ARG type="ThemRole" value="Agent"/>
                        <ARG type="ThemRole" value="Instrument"/>
                    </ARGS>
                </PRED>
                <PRED value="do">
                    <ARGS>
                        <ARG type="Event" value="e2"/>
                        <ARG type="ThemRole" value="Agent"/>
                    </ARGS>
                </PRED>
                <PRED value="cause">
                    <ARGS>
                        <ARG type="Event" value="e2"/>
                        <ARG type="Event" value="e3"/>
                    </ARGS>
                </PRED>
                <PRED value="has_state">
                    <ARGS>
                        <ARG type="Event" value="e1"/>
                        <ARG type="ThemRole" value="?Initial_State"/>
                        <ARG type="ThemRole" value="Patient"/>
                        <ARG type="Constant" value="ch_of_state"/>
                        <ARG type="VerbSpecific" value="prep"/>
                    </ARGS>
                </PRED>
                <PRED value="has_state">
                    <ARGS>
                        <ARG type="Event" value="e3"/>
                        <ARG type="ThemRole" value="?Result"/>
                        <ARG type="ThemRole" value="Patient"/>
                        <ARG type="Constant" value="ch_of_state"/>
                        <ARG type="VerbSpecific" value="prep"/>
                    </ARGS>
                </PRED>
            </SEMANTICS>
        </FRAME>
    </FRAMES>
    <SUBCLASSES/>
</VNCLASS>