<VNCLASS ID="funnel-9.3" xmlns:xsi="http://www.w3.org/2001/XMLSchema-instance" xsi:noNamespaceSchemaLocation="vn_schema-3.xsd">
    <MEMBERS>
        <!--Some members add a predicate specifying instrument-->
        <MEMBER grouping="dip.01 dip.08" name="dip" wn="dip%2:35:00 dip%2:34:00"/>
        <MEMBER grouping="dunk.01" name="dunk" wn="dunk%2:35:00 dunk%2:34:00"/>
        <MEMBER grouping="" name="ladle" wn="ladle%2:35:01"/>
        <MEMBER grouping="" name="hoe" wn="hoe%2:36:00"/>
        <MEMBER grouping="scoop.01" name="scoop" wn="scoop%2:35:01"/>
        <MEMBER grouping="siphon.01" name="siphon" wn="siphon%2:35:00"/>
        <MEMBER grouping="sop.02 sop.04" name="sop" wn="sop%2:35:00"/>
        <MEMBER grouping="" name="channelize" wn="channelize%2:38:03"/>
    </MEMBERS>
    <THEMROLES>
        <!--Destination can also be realized as here, there-->
        <!--Some verbs allow substitution of Source for Destination (should be those verbs cross listed with wipe-10.4, which is a "Remove" class)-->
        <THEMROLE type="Agent">
            <SELRESTRS>
                <SELRESTR Value="+" type="animate"/>
            </SELRESTRS>
        </THEMROLE>
        <THEMROLE type="Theme">
            <SELRESTRS>
                <SELRESTR Value="+" type="concrete"/>
            </SELRESTRS>
        </THEMROLE>
        <THEMROLE type="Initial_Location">
            <SELRESTRS>
                <SELRESTR Value="+" type="location"/>
            </SELRESTRS>
        </THEMROLE>
        <THEMROLE type="Destination">
            <SELRESTRS>
                <SELRESTR Value="+" type="location"/>
                <SELRESTR Value="-" type="region"/>
            </SELRESTRS>
        </THEMROLE>
    </THEMROLES>
    <FRAMES>
        <FRAME>
            <DESCRIPTION descriptionNumber="0.2" primary="NP V NP PP.destination" secondary="NP-PP; locative-PP" xtag=""/>
            <EXAMPLES>
                <EXAMPLE>
                    I funneled the mixture into the bottle.
                </EXAMPLE>
            </EXAMPLES>
            <SYNTAX>
                <NP value="Agent">
                    <SYNRESTRS/>
                </NP>
                <VERB/>
                <NP value="Theme">
                    <SYNRESTRS/>
                </NP>
                <PREP>
                    <SELRESTRS>
                        <SELRESTR Value="+" type="dest_conf"/>
                    </SELRESTRS>
                </PREP>
                <NP value="Destination">
                    <SYNRESTRS/>
                </NP>
            </SYNTAX>
            <SEMANTICS>
                <PRED value="has_location">
                    <ARGS>
                        <ARG type="Event" value="e1"/>
                        <ARG type="ThemRole" value="Initial_Location"/>
                    </ARGS>
                </PRED>
                <PRED value="motion">
                    <ARGS>
                        <ARG type="Event" value="e2"/>
                        <ARG type="ThemRole" value="Theme"/>
                        <ARG type="ThemRole" value="Trajectory"/>
                    </ARGS>
                </PRED>
                <PRED value="do">
                    <ARGS>
                        <ARG type="Event" value="e2"/>
                        <ARG type="ThemRole" value="Agent"/>
                    </ARGS>
                </PRED>
                <PRED value="has_location">
                    <ARGS>
                        <ARG type="Event" value="e3"/>
                        <ARG type="ThemRole" value="Destination"/>
                    </ARGS>
                </PRED>
                <PRED value="cause">
                    <ARGS>
                        <ARG type="Event" value="e2"/>
                        <ARG type="Event" value="e3"/>
                    </ARGS>
                </PRED>
            </SEMANTICS>
        </FRAME>
        <FRAME>
            <DESCRIPTION descriptionNumber="0.2" primary="NP V NP ADVP" secondary="NP-ADVP-PRED; here/there" xtag=""/>
            <!-- discourse has to provide specific Destination and configuration (Prep) of Theme wrt Destination-->
            <EXAMPLES>
                <EXAMPLE>
                    I spooned the sauce there.
                </EXAMPLE>
            </EXAMPLES>
            <SYNTAX>
                <NP value="Agent">
                    <SYNRESTRS/>
                </NP>
                <VERB/>
                <NP value="Theme">
                    <SYNRESTRS/>
                </NP>
                <NP value="Destination">
                    <SYNRESTRS>
                        <SYNRESTR Value="+" type="adv_loc"/>
                    </SYNRESTRS>
                </NP>
            </SYNTAX>
            <SEMANTICS>
                <PRED value="has_location">
                    <ARGS>
                        <ARG type="Event" value="e1"/>
                        <ARG type="ThemRole" value="Initial_Location"/>
                    </ARGS>
                </PRED>
                <PRED value="motion">
                    <ARGS>
                        <ARG type="Event" value="e2"/>
                        <ARG type="ThemRole" value="Theme"/>
                        <ARG type="ThemRole" value="Trajectory"/>
                    </ARGS>
                </PRED>
                <PRED value="do">
                    <ARGS>
                        <ARG type="Event" value="e2"/>
                        <ARG type="ThemRole" value="Agent"/>
                    </ARGS>
                </PRED>
                <PRED value="has_location">
                    <ARGS>
                        <ARG type="Event" value="e3"/>
                        <ARG type="ThemRole" value="Destination"/>
                    </ARGS>
                </PRED>
                <PRED value="cause">
                    <ARGS>
                        <ARG type="Event" value="e2"/>
                        <ARG type="Event" value="e3"/>
                    </ARGS>
                </PRED>
            </SEMANTICS>
        </FRAME>
    </FRAMES>
    <SUBCLASSES>
        <VNSUBCLASS ID="funnel-9.3-1">
            <MEMBERS>
                <MEMBER grouping="channel.01" name="channel" wn="channel%2:38:01 channel%2:38:00 channel%2:35:00"/>
                <MEMBER grouping="fit.02" name="fit" wn="fit%2:42:02 fit%2:42:03"/>
                <MEMBER grouping="rake.01" name="rake" wn="rake%2:35:00"/>
                <MEMBER grouping="" name="scrape" wn=""/>
                <MEMBER grouping="" name="shovel" wn="shovel%2:35:00"/>
                <MEMBER grouping="" name="spoon" wn="spoon%2:35:00"/>
                <MEMBER grouping="" name="squash" wn=""/>
                <MEMBER grouping="" name="squish" wn="squish%2:35:00"/>
                <MEMBER grouping="tuck.01" name="tuck" wn="tuck%2:35:00"/>
                <MEMBER grouping="wipe.01" name="wipe" wn="?wipe%2:35:00"/>
                <MEMBER grouping="wring.01" name="wring" wn="wring%2:35:02"/>
            </MEMBERS>
            <THEMROLES/>
            <FRAMES>
                <FRAME>
                    <DESCRIPTION descriptionNumber="" primary="NP V NP PP.destination" secondary="NP-PP; between-PP" xtag=""/>
                    <EXAMPLES>
                        <EXAMPLE>
                            He wedged the diamond between shifting dunes.
                        </EXAMPLE>
                    </EXAMPLES>
                    <SYNTAX>
                        <NP value="Agent">
                            <SYNRESTRS/>
                        </NP>
                        <VERB/>
                        <NP value="Theme">
                            <SYNRESTRS/>
                        </NP>
                        <PREP value="between in_between">
                            <SELRESTRS/>
                        </PREP>
                        <NP value="Destination">
                            <SYNRESTRS>
                                <SYNRESTR Value="+" type="plural"/>
                            </SYNRESTRS>
                        </NP>
                    </SYNTAX>
                    <SEMANTICS>
                        <PRED value="has_location">
                            <ARGS>
                                <ARG type="Event" value="e1"/>
                                <ARG type="ThemRole" value="Initial_Location"/>
                            </ARGS>
                        </PRED>
                        <PRED value="motion">
                            <ARGS>
                                <ARG type="Event" value="e2"/>
                                <ARG type="ThemRole" value="Theme"/>
                                <ARG type="ThemRole" value="Trajectory"/>
                            </ARGS>
                        </PRED>
                        <PRED value="do">
                            <ARGS>
                                <ARG type="Event" value="e2"/>
                                <ARG type="ThemRole" value="Agent"/>
                            </ARGS>
                        </PRED>
                        <PRED value="has_location">
                            <ARGS>
                                <ARG type="Event" value="e3"/>
                                <ARG type="ThemRole" value="Destination"/>
                            </ARGS>
                        </PRED>
                        <PRED value="cause">
                            <ARGS>
                                <ARG type="Event" value="e2"/>
                                <ARG type="Event" value="e3"/>
                            </ARGS>
                        </PRED>
                    </SEMANTICS>
                </FRAME>
            </FRAMES>
            <SUBCLASSES>
                <VNSUBCLASS ID="funnel-9.3-1-1">
                    <MEMBERS>
                        <MEMBER grouping="bang.01" name="bang" wn="bang%2:35:02"/>
                        <MEMBER grouping="dump.02" name="dump" wn="dump%2:40:00"/>
                        <MEMBER grouping="funnel.01" name="funnel" wn="funnel%2:35:00"/>
                        <MEMBER grouping="hammer.01" name="hammer" wn="hammer%2:35:00 hammer%2:36:00"/>
                        <MEMBER grouping="pound.01" name="pound" wn="pound%2:30:03"/>
                        <MEMBER grouping="push.01" name="push" wn="push%2:38:00"/>
                        <MEMBER grouping="ram.05" name="ram" wn="ram%2:35:03"/>
                        <MEMBER grouping="shake.01" name="shake" wn="shake%2:30:01"/>
                        <MEMBER grouping="squeeze.03" name="squeeze" wn="squeeze%2:35:03"/>
                        <MEMBER grouping="sweep.02" name="sweep" wn="sweep%2:35:00"/>
                        <MEMBER grouping="" name="wedge" wn="wedge%2:35:01 wedge%2:35:00"/>
                    </MEMBERS>
                    <THEMROLES/>
                    <FRAMES>
                        <FRAME>
                            <DESCRIPTION descriptionNumber="" primary="NP V PP.destination" secondary="PP; locative-PP" xtag=""/>
                            <EXAMPLES>
                                <EXAMPLE>
                                    The company is wedging into new markets.
                                </EXAMPLE>
                            </EXAMPLES>
                            <SYNTAX>
                                <NP value="Theme">
                                    <SYNRESTRS/>
                                </NP>
                                <VERB/>
                                <PREP value="into">
                                    <SELRESTRS/>
                                </PREP>
                                <NP value="Destination">
                                    <SYNRESTRS/>
                                </NP>
                            </SYNTAX>
                            <SEMANTICS>
                                <PRED value="has_location">
                                    <ARGS>
                                        <ARG type="Event" value="e1"/>
                                        <ARG type="ThemRole" value="Initial_Location"/>
                                    </ARGS>
                                </PRED>
                                <PRED value="motion">
                                    <ARGS>
                                        <ARG type="Event" value="e2"/>
                                        <ARG type="ThemRole" value="Theme"/>
                                        <ARG type="ThemRole" value="Trajectory"/>
                                    </ARGS>
                                </PRED>
                                <PRED value="has_location">
                                    <ARGS>
                                        <ARG type="Event" value="e3"/>
                                        <ARG type="ThemRole" value="Destination"/>
                                    </ARGS>
                                </PRED>
                            </SEMANTICS>
                        </FRAME>
                    </FRAMES>
                    <SUBCLASSES/>
                </VNSUBCLASS>
            </SUBCLASSES>
        </VNSUBCLASS>
    </SUBCLASSES>
</VNCLASS>