<VNCLASS ID="waltz-51.5" xmlns:xsi="http://www.w3.org/2001/XMLSchema-instance" xsi:noNamespaceSchemaLocation="vn_schema-3.xsd">
    <MEMBERS>
        <!--Each member also adds a manner predicate-->
        <MEMBER grouping="" name="boogie" wn="boogie%2:38:00"/>
        <MEMBER grouping="" name="bop" wn="bop%2:38:00"/>
        <MEMBER grouping="" name="cancan" wn=""/>
        <MEMBER grouping="clog.04" name="clog" wn="clog%2:36:00"/>
        <MEMBER grouping="" name="conga" wn="conga%2:38:00"/>
        <MEMBER grouping="dance.01" name="dance" wn="dance%2:36:00"/>
        <MEMBER grouping="" name="foxtrot" wn="foxtrot%2:38:00"/>
        <MEMBER grouping="" name="jig" wn="jig%2:38:00"/>
        <MEMBER grouping="" name="jitterbug" wn="jitterbug%2:38:00"/>
        <MEMBER grouping="" name="jive" wn="jive%2:36:00"/>
        <MEMBER grouping="" name="pirouette" wn="pirouette%2:38:00"/>
        <MEMBER grouping="" name="polka" wn="polka%2:38:00"/>
        <MEMBER grouping="" name="quickstep" wn="quickstep%2:38:00"/>
        <MEMBER grouping="" name="rumba" wn="rumba%2:38:00"/>
        <MEMBER grouping="" name="samba" wn="samba%2:38:00"/>
        <MEMBER grouping="shuffle.01" name="shuffle" wn=""/>
        <MEMBER grouping="" name="squaredance" wn=""/>
        <MEMBER grouping="" name="tango" wn="tango%2:38:00"/>
        <MEMBER grouping="" name="tapdance" wn="tapdance%2:38:00"/>
        <MEMBER grouping="" name="waltz" wn="waltz%2:38:00"/>
    </MEMBERS>
    <THEMROLES>
        <THEMROLE type="Agent">
            <SELRESTRS>
                <SELRESTR Value="+" type="animate"/>
            </SELRESTRS>
        </THEMROLE>
        <THEMROLE type="Theme">
            <SELRESTRS>
                <SELRESTR Value="+" type="animate"/>
            </SELRESTRS>
        </THEMROLE>
        <THEMROLE type="Trajectory">
            <SELRESTRS>
                <SELRESTR Value="+" type="concrete"/>
            </SELRESTRS>
        </THEMROLE>
        <THEMROLE type="Goal">
            <SELRESTRS/>
        </THEMROLE>
    </THEMROLES>
    <FRAMES>
        <FRAME>
            <DESCRIPTION descriptionNumber="0.1" primary="NP.theme V" secondary="Basic Intransitive; inchoative" xtag="0.1"/>
            <!-- bop might not allow this frame-->
            <EXAMPLES>
                <EXAMPLE>
                    They waltzed.
                </EXAMPLE>
            </EXAMPLES>
            <SYNTAX>
                <NP value="Theme">
                    <SYNRESTRS/>
                </NP>
                <VERB/>
            </SYNTAX>
            <SEMANTICS>
                <PRED value="has_location">
                    <ARGS>
                        <ARG type="Event" value="e1"/>
                        <ARG type="ThemRole" value="Initial_Location"/>
                    </ARGS>
                </PRED>
                <PRED value="motion">
                    <ARGS>
                        <ARG type="Event" value="e2"/>
                        <ARG type="ThemRole" value="Theme"/>
                        <ARG type="ThemRole" value="Trajectory"/>
                    </ARGS>
                </PRED>
                <PRED value="has_location">
                    <ARGS>
                        <ARG type="Event" value="e3"/>
                        <ARG type="ThemRole" value="Destination"/>
                    </ARGS>
                </PRED>
            </SEMANTICS>
        </FRAME>
        <FRAME>
            <DESCRIPTION descriptionNumber="0.1" primary="NP V PP.trajectory PP.goal" secondary="PP; locative-PP" xtag=""/>
            <EXAMPLES>
                <EXAMPLE>
                    They waltzed across the room and into the hallway.
                </EXAMPLE>
            </EXAMPLES>
            <SYNTAX>
                <NP value="Theme">
                    <SYNRESTRS/>
                </NP>
                <VERB/>
                <PREP>
                    <SELRESTRS>
                        <SELRESTR Value="+" type="path"/>
                    </SELRESTRS>
                </PREP>
                <NP value="Trajectory">
                    <SELRESTRS/>
                </NP>
                <NP value="Goal">
                    <SELRESTRS/>
                </NP>
            </SYNTAX>
            <SEMANTICS>
                <PRED value="has_location">
                    <ARGS>
                        <ARG type="Event" value="e1"/>
                        <ARG type="ThemRole" value="Initial_Location"/>
                    </ARGS>
                </PRED>
                <PRED value="motion">
                    <ARGS>
                        <ARG type="Event" value="e2"/>
                        <ARG type="ThemRole" value="Theme"/>
                        <ARG type="ThemRole" value="Trajectory"/>
                    </ARGS>
                </PRED>
                <PRED value="has_location">
                    <ARGS>
                        <ARG type="Event" value="e3"/>
                        <ARG type="ThemRole" value="Destination"/>
                    </ARGS>
                </PRED>
            </SEMANTICS>
        </FRAME>
        <FRAME>
            <DESCRIPTION descriptionNumber="1.1.2.2" primary="NP V NP PP.trajectory" secondary="NP-PP; Induced Action with accompanied motion, path-PP" xtag=""/>
            <EXAMPLES>
                <EXAMPLE>
                    He waltzed her across the floor.
                </EXAMPLE>
            </EXAMPLES>
            <SYNTAX>
                <NP value="Agent">
                    <SYNRESTRS/>
                </NP>
                <VERB/>
                <NP value="Theme">
                    <SYNRESTRS/>
                </NP>
                <PREP>
                    <SELRESTRS>
                        <SELRESTR Value="+" type="path"/>
                    </SELRESTRS>
                </PREP>
                <NP value="Trajectory">
                    <SELRESTRS/>
                </NP>
            </SYNTAX>
            <SEMANTICS>
                <PRED value="has_location">
                    <ARGS>
                        <ARG type="Event" value="e1"/>
                        <ARG type="ThemRole" value="Initial_Location"/>
                    </ARGS>
                </PRED>
                <PRED value="motion">
                    <ARGS>
                        <ARG type="Event" value="e2"/>
                        <ARG type="ThemRole" value="Theme"/>
                        <ARG type="ThemRole" value="Trajectory"/>
                    </ARGS>
                </PRED>
                <PRED value="has_location">
                    <ARGS>
                        <ARG type="Event" value="e3"/>
                        <ARG type="ThemRole" value="Destination"/>
                    </ARGS>
                </PRED>
                <PRED value="cause">
                    <ARGS>
                        <ARG type="ThemRole" value="Agent"/>
                        <ARG type="Event" value="E0"/>
                    </ARGS>
                </PRED>
                <PRED value="equals">
                    <ARGS>
                        <ARG type="Event" value="E0"/>
                        <ARG type="Event" value="E1"/>
                    </ARGS>
                </PRED>
            </SEMANTICS>
        </FRAME>
        <FRAME>
            <DESCRIPTION descriptionNumber="0.4" primary="NP V NP ADJP" secondary="NP-ADJP; Resultative" xtag=""/>
            <EXAMPLES>
                <EXAMPLE>
                    He waltzed her dizzy.
                </EXAMPLE>
            </EXAMPLES>
            <SYNTAX>
                <NP value="Agent">
                    <SYNRESTRS/>
                </NP>
                <VERB/>
                <NP value="Theme">
                    <SYNRESTRS/>
                </NP>
                <NP value="Goal">
                    <SYNRESTRS/>
                </NP>
            </SYNTAX>
            <SEMANTICS>
                <PRED value="has_location">
                    <ARGS>
                        <ARG type="Event" value="e1"/>
                        <ARG type="ThemRole" value="Initial_Location"/>
                    </ARGS>
                </PRED>
                <PRED value="motion">
                    <ARGS>
                        <ARG type="Event" value="e2"/>
                        <ARG type="ThemRole" value="Theme"/>
                        <ARG type="ThemRole" value="Trajectory"/>
                    </ARGS>
                </PRED>
                <PRED value="do">
                    <ARGS>
                        <ARG type="Event" value="e2"/>
                        <ARG type="ThemRole" value="Agent"/>
                    </ARGS>
                </PRED>
                <PRED value="has_location">
                    <ARGS>
                        <ARG type="Event" value="e3"/>
                        <ARG type="ThemRole" value="Destination"/>
                    </ARGS>
                </PRED>
                <PRED value="cause">
                    <ARGS>
                        <ARG type="Event" value="e2"/>
                        <ARG type="Event" value="e3"/>
                    </ARGS>
                </PRED>
            </SEMANTICS>
        </FRAME>
        <FRAME>
            <DESCRIPTION descriptionNumber="0.4" primary="NP V NP PP.goal" secondary="NP-PP; Result-PP" xtag=""/>
            <EXAMPLES>
                <EXAMPLE>
                    He waltzed her to exhaustion.
                </EXAMPLE>
            </EXAMPLES>
            <SYNTAX>
                <NP value="Agent">
                    <SYNRESTRS/>
                </NP>
                <VERB/>
                <NP value="Theme">
                    <SYNRESTRS/>
                </NP>
                <PREP value="to into">
                    <SELRESTRS/>
                </PREP>
                <NP value="Goal">
                    <SELRESTRS>
                        <SELRESTR Value="+" type="state"/>
                    </SELRESTRS>
                </NP>
            </SYNTAX>
            <SEMANTICS>
                <PRED value="has_location">
                    <ARGS>
                        <ARG type="Event" value="e1"/>
                        <ARG type="ThemRole" value="Initial_Location"/>
                    </ARGS>
                </PRED>
                <PRED value="motion">
                    <ARGS>
                        <ARG type="Event" value="e2"/>
                        <ARG type="ThemRole" value="Theme"/>
                        <ARG type="ThemRole" value="Trajectory"/>
                    </ARGS>
                </PRED>
                <PRED value="do">
                    <ARGS>
                        <ARG type="Event" value="e2"/>
                        <ARG type="ThemRole" value="Agent"/>
                    </ARGS>
                </PRED>
                <PRED value="has_location">
                    <ARGS>
                        <ARG type="Event" value="e3"/>
                        <ARG type="ThemRole" value="Destination"/>
                    </ARGS>
                </PRED>
                <PRED value="cause">
                    <ARGS>
                        <ARG type="Event" value="e2"/>
                        <ARG type="Event" value="e3"/>
                    </ARGS>
                </PRED>
            </SEMANTICS>
        </FRAME>
    </FRAMES>
    <SUBCLASSES/>
</VNCLASS>