<VNCLASS ID="leave-51.2" xmlns:xsi="http://www.w3.org/2001/XMLSchema-instance" xsi:noNamespaceSchemaLocation="vn_schema-3.xsd">
    <MEMBERS>
        <MEMBER grouping="abandon.01" name="abandon" wn="abandon%2:40:00 abandon%2:38:00"/>
        <MEMBER grouping="" name="split" wn=""/>
    </MEMBERS>
    <THEMROLES>
        <THEMROLE type="Theme">
            <SELRESTRS>
                <SELRESTR Value="+" type="animate"/>
            </SELRESTRS>
        </THEMROLE>
        <THEMROLE type="Source">
            <SELRESTRS>
                <SELRESTR Value="+" type="animate"/>
            </SELRESTRS>
        </THEMROLE>
        <THEMROLE type="Goal">
            <SELRESTRS>
            </SELRESTRS>
        </THEMROLE>
    </THEMROLES>
    <FRAMES>
        <FRAME>
            <DESCRIPTION descriptionNumber="0.2" primary="NP V NP.initial_location" secondary='Transitive; basically, locative preposition drop of "from"' xtag="0.2"/>
            <EXAMPLES>
                <EXAMPLE>
                    She left her husband.
                </EXAMPLE>
            </EXAMPLES>
            <SYNTAX>
                <NP value="Theme">
                    <SYNRESTRS/>
                </NP>
                <VERB/>
                <NP value="Source">
                    <SYNRESTRS/>
                </NP>
            </SYNTAX>
            <SEMANTICS>
                <PRED value="has_location">
                    <ARGS>
                        <ARG type="Event" value="e1"/>
                        <ARG type="ThemRole" value="Theme "/>
                        <ARG type="ThemRole" value="Initial_Location"/>
                    </ARGS>
                </PRED>
                <PRED value="motion">
                    <ARGS>
                        <ARG type="Event" value="e2"/>
                        <ARG type="ThemRole" value="Theme"/>
                        <ARG type="ThemRole" value="Trajectory"/>
                    </ARGS>
                </PRED>
                <PRED value="has_location">
                    <ARGS>
                        <ARG type="Event" value="e3"/>
                        <ARG type="ThemRole" value="Theme"/>
                        <ARG type="ThemRole" value="Destination"/>
                    </ARGS>
                </PRED>
            </SEMANTICS>
        </FRAME>
    </FRAMES>
    <SUBCLASSES>
        <VNSUBCLASS ID="leave-51.2-1">
            <MEMBERS>
                <MEMBER grouping="desert.01" name="desert" wn="desert%2:31:00"/>
                <MEMBER grouping="leave.01" name="leave" wn="leave%2:38:00"/>
            </MEMBERS>
            <THEMROLES/>
            <FRAMES>
                <FRAME>
                    <DESCRIPTION descriptionNumber="" primary="NP V" secondary="Basic Intransitive" xtag=""/>
                    <EXAMPLES>
                        <EXAMPLE>
                            The crowd left.
                        </EXAMPLE>
                    </EXAMPLES>
                    <SYNTAX>
                        <NP value="Theme">
                            <SYNRESTRS/>
                        </NP>
                        <VERB/>
                    </SYNTAX>
                    <SEMANTICS>
                        <PRED value="has_location">
                            <ARGS>
                                <ARG type="Event" value="e1"/>
                                <ARG type="ThemRole" value="Theme "/>
                                <ARG type="ThemRole" value="Initial_Location"/>
                            </ARGS>
                        </PRED>
                        <PRED value="motion">
                            <ARGS>
                                <ARG type="Event" value="e2"/>
                                <ARG type="ThemRole" value="Theme"/>
                                <ARG type="ThemRole" value="Trajectory"/>
                            </ARGS>
                        </PRED>
                        <PRED value="has_location">
                            <ARGS>
                                <ARG type="Event" value="e3"/>
                                <ARG type="ThemRole" value="Theme"/>
                                <ARG type="ThemRole" value="Destination"/>
                            </ARGS>
                        </PRED>
                    </SEMANTICS>
                </FRAME>
            </FRAMES>
            <SUBCLASSES/>
        </VNSUBCLASS>
    </SUBCLASSES>
</VNCLASS>